"country","Civic Engagement","Community","Education","Environment","Health","Housing","Income","Jobs","Life Satisfaction","Safety","Work-Life Balance"
"Australia",8.75,7.80701754385965,8.60156873945491,8.91344236138811,9.52767166935206,6.2992125984252,5.96761558886073,8.51111683860037,7.09302325581395,7.40448614404692,3.00553341990394
"Austria",3.54787234042553,7.4561403508772,6.57098053064605,7.64898284802553,7.8840345541334,3.05656387310918,4.64476818714113,8.41065675333996,7.50830564784053,9.2129772828814,4.9282440068586
"Belgium",6.57446808510638,5.63157894736842,7.72820965782266,5.7983645791783,8.04153013378713,4.2989192419889,5.19196012217649,7.87795516788208,6.17940199335548,6.33639206791078,7.35273875691307
"Brazil",6.22340425531915,2.76315789473684,1.97060468088505,4.86777024331871,5.78253706754531,1.86629526462396,NA,4.43548387096774,4.25249169435216,1.92671638542347,7.91423001949318
"Canada",6.6968085106383,7.36842105263158,7.78997112843486,8.59712804148385,9.42339373970346,4.53300579767362,5.31429199444734,8.3273469144681,6.73311184939092,8.32468410259935,5.40915459558806
"Chile",0.462765957446809,6.05263157894737,4.47310037808745,1.15456721180694,6.55179800978813,5.10999952478085,0.656002840180667,4.423301516946,4.51827242524917,4.67843191165183,7.16049382716049
"Colombia",1.35106382978723,1.71052631578947,1.10353010452974,4.03490227363383,7.29225881202817,1.71309192200557,NA,7.02620967741935,4.51827242524917,1.64553046705846,1.0916179337232
"Costa Rica",3.73404255319149,2.5,0.703261772157255,5.9234144395692,7.65835299607952,3.35988163387655,1.71709440551078,6.48511622390892,4.93355481727575,3.86620613808984,1.92332683560754
"Czechia",2.80851063829787,9.07894736842105,7.4767657066183,6.30733944954128,6.35051384639523,2.13796068840977,4.14408380970604,7.54640574036537,7.3421926910299,8.39038388837337,8.34307992202729
"Denmark",6.25531914893617,8.1578947368421,7.93770989318647,8.26485839648983,7.66340194676274,2.99754074090321,3.33199971108812,8.57021519651036,8.17275747508305,9.17545909658499,9.62962962962963
"Estonia",5.77127659574468,8.28947368421053,8.19154884575445,8.26166733147188,5.66926758030547,4.71724003684776,2.36214590985618,7.12625799224374,4.85049833887043,8.42944862586063,6.5958375114992
"Finland",5.0531914893617,9.21052631578947,9.04367297192139,9.79357798165138,7.58823343049043,3.04074912815564,3.76081987414437,8.13670374749527,10,9.29952686989495,6.76408325371401
"France",5.44148936170213,8.05263157894737,6.21342554224201,6.03390506581572,7.60643530001026,3.47162210573261,4.2669213258249,7.31267140562786,5.9579180509413,8.1244916428956,8.2475367308847
"Germany",4.79787234042553,5.52631578947368,7.52621448335711,7.62365376944555,7.11763250478242,3.61820893558222,4.84950195366011,8.84881980464982,7.92358803986711,8.32835000171839,7.77104834248832
"Greece",2.88297872340426,0.263157894736842,6.07000076352535,3.82329477463103,8.61026123793834,1.92362314390367,1.77040420858366,2.54804816328123,2.92358803986711,7.54957555761762,6.38592843036045
"Hungary",2.65957446808511,7.76315789473684,6.00330824820297,5.22576785001994,5.32251932581422,3.12681405771354,1.80995362292899,6.8099402627142,4.01993355481727,8.03948860707289,6.89053254729585
"Iceland",6.07978723404255,10,6.68307500273608,9.66673314718787,8.61463632468575,1.875,NA,9.67742156336862,8.58803986710963,9.15117251492135,5.56205328135153
"Ireland",2.16489361702128,8.94736842105263,7.66857873485613,7.02293577981651,9.11194790931199,4.09501367168937,4.09842270773147,7.98344595794071,6.843853820598,8.33854578364322,5.05496937983693
"Israel",5.59042553191489,8.42105263157895,5.29064887584793,3.97726366174711,8.66870636228132,1.25,NA,7.33727957670707,7.67441860465116,8.4901650800197,4.54840805717999
"Italy",6.22872340425532,5.31578947368421,4.51748384899774,4.8950937375349,8.48546566009498,2.17513287858516,3.65466717005104,5.59801469719459,5.43189368770764,8.01800872942228,9.39246263807667
"Japan",1.35106382978723,5,5.94423403421706,6.70362983645792,5.23809523809524,3.93905954130385,3.58616224379335,8.07567313623899,3.85382059800664,8.45001202873148,0
"Korea",7.65425531914894,0,7.85946549699465,3.05903470283207,4.71993410214168,4.60712627669452,3.46624967877963,7.63373802078072,2.6578073089701,8.81242052445269,3.1866464339909
"Latvia",3.56382978723404,6.89473684210526,7.42718131258823,6.43936976465896,4.05615801002951,3.18887585082505,1.24913296180248,6.69428006837935,4.10299003322259,7.44836237412792,9.4087069525666
"Lithuania",4.27659574468085,6.05263157894737,7.54436957013794,6.84882329477463,4.2053032085981,4.49950741707426,2.70566476279793,6.50776610358286,5.18272425249169,6.64742069629171,9.6816114359974
"Luxembourg",6.03723404255319,6.31578947368421,4.45624857347562,7.23274830474671,8.01488736414601,3.85114856812815,9.23772393503791,8.66343331285587,8.17275747508305,9.35285424614221,8.99285250162443
"Mexico",6.91489361702128,0.263157894736842,1.06351486657089,3.61747108097328,5.63008289532177,5.13284659925866,1.65777703365304,5.91421697535957,3.9202657807309,0.220125786163522,0
"Netherlands",7.11702127659574,7.8421052631579,7.56053243891017,7.62604706820901,8.15781692223208,4.1398624788893,4.04946936329894,9.07011515634255,8.421926910299,8.97463656047015,8.16608344894158
"New Zealand",7.18617021276596,7.98245614035088,7.00635543312027,8.03350618268847,9.25855857486829,5.31988188976378,6.07315589025457,8.1861248070831,7.3421926910299,7.24335842183043,3.59652573799474
"Norway",6.01063829787234,8.68421052631579,7.34664634034705,9.73913043478261,8.4186927844259,4.83759842519685,4.66159230709825,8.71598957655239,7.50830564784053,9.91803278688525,8.37436563363673
"OECD - Total",4.8031914893617,6.44736842105263,6.3950442186959,6.29437574790586,7.33014102865833,3.547908487414,3.94919613679374,7.54090034786648,5.9579180509413,7.72376304544569,5.21194023669864
"Poland",5.9468085106383,8.1578947368421,8.00588470550231,4.10610291184683,5.88274164056701,2.0491860958188,2.60780124103912,7.00819425422927,4.01993355481727,7.85470437960385,5.45806501866987
"Portugal",1.17553191489362,5.31578947368421,4.79989872100689,8.19864379736737,5.86116793695047,3.58914288743155,2.87964837576108,6.25303274660935,3.27242524916944,8.95642162422243,7.84925276153346
"Russia",4.8936170212766,5.52631578947368,6.61878020112315,3.6304347826087,3.11538360961755,3.90600896336426,2.44157956420866,8.48701375711575,1.77740863787375,6.39894147162938,10
"Slovak Republic",6.73404255319149,8.33333333333333,5.52574823110977,4.88033506182688,6.31958650904285,0.347609099350047,1.94723318102341,5.74587597187589,5.18272425249169,8.27782932948414,8.46003898635478
"Slovenia",4.10106382978723,8.1578947368421,7.99503396602868,6.76605504587156,7.24855320407215,3.68326826486522,2.79653488145181,7.28307599069691,4.6843853820598,9.67144379145616,7.92722547108512
"South Africa",4.46808510638298,6.05263157894737,1.21495327102804,1.42201834862385,0,8.66141732283464,0,0,0.420819490586933,2.47723132969035,4.14554905782976
"Spain",4.37234042553191,7.98245614035088,5.0862688713156,5.99421619465497,8.76930318445969,3.39891814532933,3.79733130228975,4.94541083492904,5.38205980066445,8.6734027562979,8.19787694944099
"Sweden",6.46808510638298,7.80701754385965,8.15100063184096,9.86597526924611,8.56976905576576,3.374343832021,5.83415054174938,8.11717900300905,7.7297895902547,8.48690013861681,9.70760233918129
"Switzerland",2.75,7.63157894736842,7.15957991730329,8.65596330275229,9.18870805197,3.4498031496063,7.26135521060059,9.40107987534956,8.17275747508305,9.27174622813348,9.92202729044834
"Türkiye",5.11170212765957,3.63157894736842,3.98191353556855,0.350219385719984,6.69035248112678,2.68593863093019,NA,4.80446871361915,0,6.57473279032203,1.2266799184777
"United Kingdom",7.1968085106383,6.92982456140351,6.58979607363531,6.79816513761468,7.8255215405133,3.23212079339665,5.41811531594456,8.26978832031008,6.17940199335548,8.58490566037736,4.83596446858167
"United States",6.87765957446809,7.80701754385965,7.51907830149107,8.14559234144396,8.35423568743174,5.314403161304,8.51109793634422,8.76519580629119,6.92691029900332,7.51933188988555,4.05330895946661
