country,eff_b8,se_b8,model,eff_b7,se_b7,eff_b6,se_b6,eff_b5,se_b5,eff_b4,se_b4,eff_b3,se_b3,eff_b2,se_b2,eff_b1,se_b1
Argentina,-.22677031,.1220166,b8,,,,,,,,,,,,,,
Australia,-.11702761,.095732853,b8,,,,,,,,,,,,,,
Austria-Hungary,-.11702761,.095732853,b8,,,,,,,,,,,,,,
Belgium,-.11702761,.095732853,b8,,,,,,,,,,,,,,
Brazil,-.22677031,.1220166,b8,,,,,,,,,,,,,,
Canada,-.22677031,.1220166,b8,,,,,,,,,,,,,,
Cape of Good Hope,-.22677031,.1220166,b8,,,,,,,,,,,,,,
Ceylon,-.22677031,.1220166,b8,,,,,,,,,,,,,,
Chile,-.22677031,.1220166,b8,,,,,,,,,,,,,,
China,-.22677031,.1220166,b8,,,,,,,,,,,,,,
Colombia,-.22677031,.1220166,b8,,,,,,,,,,,,,,
Cuba,-.22677031,.1220166,b8,,,,,,,,,,,,,,
Denmark,-.11702761,.095732853,b8,,,,,,,,,,,,,,
Dutch East Indie,-.22677031,.1220166,b8,,,,,,,,,,,,,,
Ecuador,,,b8,,,,,,,,,,,,,,
Finland,-.22677031,.1220166,b8,,,,,,,,,,,,,,
France,-.22677031,.1220166,b8,,,,,,,,,,,,,,
Germany,-.22677031,.1220166,b8,,,,,,,,,,,,,,
Greece,-.22677031,.1220166,b8,,,,,,,,,,,,,,
India - British Possessions,,,b8,,,,,,,,,,,,,,
Italy,-.22677031,.1220166,b8,,,,,,,,,,,,,,
Japan,-.22677031,.1220166,b8,,,,,,,,,,,,,,
Mexico,-.22677031,.1220166,b8,,,,,,,,,,,,,,
Netherlands,-.11702761,.095732853,b8,,,,,,,,,,,,,,
New Zealand,-.22677031,.1220166,b8,,,,,,,,,,,,,,
Norway,-.22677031,.1220166,b8,,,,,,,,,,,,,,
Peru,,,b8,,,,,,,,,,,,,,
Philippines,,,b8,,,,,,,,,,,,,,
Portugal,-.22677031,.1220166,b8,,,,,,,,,,,,,,
Romania,,,b8,,,,,,,,,,,,,,
Siam,,,b8,,,,,,,,,,,,,,
Spain,-.22677031,.1220166,b8,,,,,,,,,,,,,,
Sweden,-.22677031,.1220166,b8,,,,,,,,,,,,,,
United Kingdom,-.11702761,.095732853,b8,,,,,,,,,,,,,,
United States,-.11702761,.095732853,b8,,,,,,,,,,,,,,
Uruguay,-.22677031,.1220166,b8,,,,,,,,,,,,,,
Venezuela,-.22677031,.1220166,b8,,,,,,,,,,,,,,
Argentina,,,b7,-.26013324,.12245201,,,,,,,,,,,,
Australia,,,b7,-.14361908,.093323819,,,,,,,,,,,,
Austria-Hungary,,,b7,-.14361908,.093323819,,,,,,,,,,,,
Belgium,,,b7,-.14361908,.093323819,,,,,,,,,,,,
Brazil,,,b7,-.26013324,.12245201,,,,,,,,,,,,
Canada,,,b7,-.26013324,.12245201,,,,,,,,,,,,
Cape of Good Hope,,,b7,-.26013324,.12245201,,,,,,,,,,,,
Ceylon,,,b7,-.26013324,.12245201,,,,,,,,,,,,
Chile,,,b7,-.26013324,.12245201,,,,,,,,,,,,
China,,,b7,-.26013324,.12245201,,,,,,,,,,,,
Colombia,,,b7,-.26013324,.12245201,,,,,,,,,,,,
Cuba,,,b7,-.26013324,.12245201,,,,,,,,,,,,
Denmark,,,b7,-.14361908,.093323819,,,,,,,,,,,,
Dutch East Indie,,,b7,-.26013324,.12245201,,,,,,,,,,,,
Ecuador,,,b7,,,,,,,,,,,,,,
Finland,,,b7,-.26013324,.12245201,,,,,,,,,,,,
France,,,b7,-.26013324,.12245201,,,,,,,,,,,,
Germany,,,b7,-.26013324,.12245201,,,,,,,,,,,,
Greece,,,b7,-.26013324,.12245201,,,,,,,,,,,,
India - British Possessions,,,b7,,,,,,,,,,,,,,
Italy,,,b7,-.26013324,.12245201,,,,,,,,,,,,
Japan,,,b7,-.26013324,.12245201,,,,,,,,,,,,
Mexico,,,b7,-.26013324,.12245201,,,,,,,,,,,,
Netherlands,,,b7,-.14361908,.093323819,,,,,,,,,,,,
New Zealand,,,b7,-.26013324,.12245201,,,,,,,,,,,,
Norway,,,b7,-.26013324,.12245201,,,,,,,,,,,,
Peru,,,b7,,,,,,,,,,,,,,
Philippines,,,b7,,,,,,,,,,,,,,
Portugal,,,b7,-.26013324,.12245201,,,,,,,,,,,,
Romania,,,b7,,,,,,,,,,,,,,
Siam,,,b7,,,,,,,,,,,,,,
Spain,,,b7,-.26013324,.12245201,,,,,,,,,,,,
Sweden,,,b7,-.26013324,.12245201,,,,,,,,,,,,
United Kingdom,,,b7,-.14361908,.093323819,,,,,,,,,,,,
United States,,,b7,-.14361908,.093323819,,,,,,,,,,,,
Uruguay,,,b7,-.26013324,.12245201,,,,,,,,,,,,
Venezuela,,,b7,-.26013324,.12245201,,,,,,,,,,,,
Argentina,,,b6,,,-.21775366,.13647816,,,,,,,,,,
Australia,,,b6,,,-.21775366,.13647816,,,,,,,,,,
Austria-Hungary,,,b6,,,-.21775366,.13647816,,,,,,,,,,
Belgium,,,b6,,,-.21775366,.13647816,,,,,,,,,,
Brazil,,,b6,,,-.40666425,.21876673,,,,,,,,,,
Canada,,,b6,,,-.21775366,.13647816,,,,,,,,,,
Cape of Good Hope,,,b6,,,-.40666425,.21876673,,,,,,,,,,
Ceylon,,,b6,,,-.40666425,.21876673,,,,,,,,,,
Chile,,,b6,,,-.40666425,.21876673,,,,,,,,,,
China,,,b6,,,-.40666425,.21876673,,,,,,,,,,
Colombia,,,b6,,,-.40666425,.21876673,,,,,,,,,,
Cuba,,,b6,,,-.40666425,.21876673,,,,,,,,,,
Denmark,,,b6,,,-.21775366,.13647816,,,,,,,,,,
Dutch East Indie,,,b6,,,-.40666425,.21876673,,,,,,,,,,
Ecuador,,,b6,,,,,,,,,,,,,,
Finland,,,b6,,,-.40666425,.21876673,,,,,,,,,,
France,,,b6,,,-.21775366,.13647816,,,,,,,,,,
Germany,,,b6,,,-.21775366,.13647816,,,,,,,,,,
Greece,,,b6,,,-.40666425,.21876673,,,,,,,,,,
India - British Possessions,,,b6,,,,,,,,,,,,,,
Italy,,,b6,,,-.21775366,.13647816,,,,,,,,,,
Japan,,,b6,,,-.40666425,.21876673,,,,,,,,,,
Mexico,,,b6,,,-.40666425,.21876673,,,,,,,,,,
Netherlands,,,b6,,,-.21775366,.13647816,,,,,,,,,,
New Zealand,,,b6,,,-.21775366,.13647816,,,,,,,,,,
Norway,,,b6,,,-.40666425,.21876673,,,,,,,,,,
Peru,,,b6,,,,,,,,,,,,,,
Philippines,,,b6,,,,,,,,,,,,,,
Portugal,,,b6,,,-.40666425,.21876673,,,,,,,,,,
Romania,,,b6,,,,,,,,,,,,,,
Siam,,,b6,,,,,,,,,,,,,,
Spain,,,b6,,,-.21775366,.13647816,,,,,,,,,,
Sweden,,,b6,,,-.21775366,.13647816,,,,,,,,,,
United Kingdom,,,b6,,,-.21775366,.13647816,,,,,,,,,,
United States,,,b6,,,-.21775366,.13647816,,,,,,,,,,
Uruguay,,,b6,,,-.21775366,.13647816,,,,,,,,,,
Venezuela,,,b6,,,-.40666425,.21876673,,,,,,,,,,
Argentina,,,b5,,,,,-.23396324,.13326471,,,,,,,,
Australia,,,b5,,,,,-.23396324,.13326471,,,,,,,,
Austria-Hungary,,,b5,,,,,-.23396324,.13326471,,,,,,,,
Belgium,,,b5,,,,,-.23396324,.13326471,,,,,,,,
Brazil,,,b5,,,,,-.41921943,.21684307,,,,,,,,
Canada,,,b5,,,,,-.23396324,.13326471,,,,,,,,
Cape of Good Hope,,,b5,,,,,-.41921943,.21684307,,,,,,,,
Ceylon,,,b5,,,,,-.41921943,.21684307,,,,,,,,
Chile,,,b5,,,,,-.41921943,.21684307,,,,,,,,
China,,,b5,,,,,-.41921943,.21684307,,,,,,,,
Colombia,,,b5,,,,,-.41921943,.21684307,,,,,,,,
Cuba,,,b5,,,,,-.41921943,.21684307,,,,,,,,
Denmark,,,b5,,,,,-.23396324,.13326471,,,,,,,,
Dutch East Indie,,,b5,,,,,-.41921943,.21684307,,,,,,,,
Ecuador,,,b5,,,,,,,,,,,,,,
Finland,,,b5,,,,,-.41921943,.21684307,,,,,,,,
France,,,b5,,,,,-.23396324,.13326471,,,,,,,,
Germany,,,b5,,,,,-.23396324,.13326471,,,,,,,,
Greece,,,b5,,,,,-.41921943,.21684307,,,,,,,,
India - British Possessions,,,b5,,,,,,,,,,,,,,
Italy,,,b5,,,,,-.23396324,.13326471,,,,,,,,
Japan,,,b5,,,,,-.41921943,.21684307,,,,,,,,
Mexico,,,b5,,,,,-.41921943,.21684307,,,,,,,,
Netherlands,,,b5,,,,,-.23396324,.13326471,,,,,,,,
New Zealand,,,b5,,,,,-.23396324,.13326471,,,,,,,,
Norway,,,b5,,,,,-.41921943,.21684307,,,,,,,,
Peru,,,b5,,,,,,,,,,,,,,
Philippines,,,b5,,,,,,,,,,,,,,
Portugal,,,b5,,,,,-.41921943,.21684307,,,,,,,,
Romania,,,b5,,,,,,,,,,,,,,
Siam,,,b5,,,,,,,,,,,,,,
Spain,,,b5,,,,,-.23396324,.13326471,,,,,,,,
Sweden,,,b5,,,,,-.23396324,.13326471,,,,,,,,
United Kingdom,,,b5,,,,,-.23396324,.13326471,,,,,,,,
United States,,,b5,,,,,-.23396324,.13326471,,,,,,,,
Uruguay,,,b5,,,,,-.23396324,.13326471,,,,,,,,
Venezuela,,,b5,,,,,-.41921943,.21684307,,,,,,,,
Argentina,,,b4,,,,,,,-.21880785,.098744079,,,,,,
Australia,,,b4,,,,,,,-.062234715,.075586602,,,,,,
Austria-Hungary,,,b4,,,,,,,-.062234715,.075586602,,,,,,
Belgium,,,b4,,,,,,,-.062234715,.075586602,,,,,,
Brazil,,,b4,,,,,,,-.21880785,.098744079,,,,,,
Canada,,,b4,,,,,,,-.21880785,.098744079,,,,,,
Cape of Good Hope,,,b4,,,,,,,-.21880785,.098744079,,,,,,
Ceylon,,,b4,,,,,,,-.21880785,.098744079,,,,,,
Chile,,,b4,,,,,,,-.21880785,.098744079,,,,,,
China,,,b4,,,,,,,-.21880785,.098744079,,,,,,
Colombia,,,b4,,,,,,,-.21880785,.098744079,,,,,,
Cuba,,,b4,,,,,,,-.21880785,.098744079,,,,,,
Denmark,,,b4,,,,,,,-.062234715,.075586602,,,,,,
Dutch East Indie,,,b4,,,,,,,-.21880785,.098744079,,,,,,
Ecuador,,,b4,,,,,,,,,,,,,,
Finland,,,b4,,,,,,,-.21880785,.098744079,,,,,,
France,,,b4,,,,,,,-.21880785,.098744079,,,,,,
Germany,,,b4,,,,,,,-.21880785,.098744079,,,,,,
Greece,,,b4,,,,,,,-.21880785,.098744079,,,,,,
India - British Possessions,,,b4,,,,,,,,,,,,,,
Italy,,,b4,,,,,,,-.21880785,.098744079,,,,,,
Japan,,,b4,,,,,,,-.21880785,.098744079,,,,,,
Mexico,,,b4,,,,,,,-.21880785,.098744079,,,,,,
Netherlands,,,b4,,,,,,,-.062234715,.075586602,,,,,,
New Zealand,,,b4,,,,,,,-.21880785,.098744079,,,,,,
Norway,,,b4,,,,,,,-.21880785,.098744079,,,,,,
Peru,,,b4,,,,,,,,,,,,,,
Philippines,,,b4,,,,,,,,,,,,,,
Portugal,,,b4,,,,,,,-.21880785,.098744079,,,,,,
Romania,,,b4,,,,,,,,,,,,,,
Siam,,,b4,,,,,,,,,,,,,,
Spain,,,b4,,,,,,,-.21880785,.098744079,,,,,,
Sweden,,,b4,,,,,,,-.21880785,.098744079,,,,,,
United Kingdom,,,b4,,,,,,,-.062234715,.075586602,,,,,,
United States,,,b4,,,,,,,-.062234715,.075586602,,,,,,
Uruguay,,,b4,,,,,,,-.21880785,.098744079,,,,,,
Venezuela,,,b4,,,,,,,-.21880785,.098744079,,,,,,
Argentina,,,b3,,,,,,,,,-.241212,.096052065,,,,
Australia,,,b3,,,,,,,,,-.080597483,.069955774,,,,
Austria-Hungary,,,b3,,,,,,,,,-.080597483,.069955774,,,,
Belgium,,,b3,,,,,,,,,-.080597483,.069955774,,,,
Brazil,,,b3,,,,,,,,,-.241212,.096052065,,,,
Canada,,,b3,,,,,,,,,-.241212,.096052065,,,,
Cape of Good Hope,,,b3,,,,,,,,,-.241212,.096052065,,,,
Ceylon,,,b3,,,,,,,,,-.241212,.096052065,,,,
Chile,,,b3,,,,,,,,,-.241212,.096052065,,,,
China,,,b3,,,,,,,,,-.241212,.096052065,,,,
Colombia,,,b3,,,,,,,,,-.241212,.096052065,,,,
Cuba,,,b3,,,,,,,,,-.241212,.096052065,,,,
Denmark,,,b3,,,,,,,,,-.080597483,.069955774,,,,
Dutch East Indie,,,b3,,,,,,,,,-.241212,.096052065,,,,
Ecuador,,,b3,,,,,,,,,,,,,,
Finland,,,b3,,,,,,,,,-.241212,.096052065,,,,
France,,,b3,,,,,,,,,-.241212,.096052065,,,,
Germany,,,b3,,,,,,,,,-.241212,.096052065,,,,
Greece,,,b3,,,,,,,,,-.241212,.096052065,,,,
India - British Possessions,,,b3,,,,,,,,,,,,,,
Italy,,,b3,,,,,,,,,-.241212,.096052065,,,,
Japan,,,b3,,,,,,,,,-.241212,.096052065,,,,
Mexico,,,b3,,,,,,,,,-.241212,.096052065,,,,
Netherlands,,,b3,,,,,,,,,-.080597483,.069955774,,,,
New Zealand,,,b3,,,,,,,,,-.241212,.096052065,,,,
Norway,,,b3,,,,,,,,,-.241212,.096052065,,,,
Peru,,,b3,,,,,,,,,,,,,,
Philippines,,,b3,,,,,,,,,,,,,,
Portugal,,,b3,,,,,,,,,-.241212,.096052065,,,,
Romania,,,b3,,,,,,,,,,,,,,
Siam,,,b3,,,,,,,,,,,,,,
Spain,,,b3,,,,,,,,,-.241212,.096052065,,,,
Sweden,,,b3,,,,,,,,,-.241212,.096052065,,,,
United Kingdom,,,b3,,,,,,,,,-.080597483,.069955774,,,,
United States,,,b3,,,,,,,,,-.080597483,.069955774,,,,
Uruguay,,,b3,,,,,,,,,-.241212,.096052065,,,,
Venezuela,,,b3,,,,,,,,,-.241212,.096052065,,,,
Argentina,,,b2,,,,,,,,,,,-.14078236,.087256424,,
Australia,,,b2,,,,,,,,,,,-.14078236,.087256424,,
Austria-Hungary,,,b2,,,,,,,,,,,-.14078236,.087256424,,
Belgium,,,b2,,,,,,,,,,,-.14078236,.087256424,,
Brazil,,,b2,,,,,,,,,,,-.39505294,.18229541,,
Canada,,,b2,,,,,,,,,,,-.14078236,.087256424,,
Cape of Good Hope,,,b2,,,,,,,,,,,-.39505294,.18229541,,
Ceylon,,,b2,,,,,,,,,,,-.39505294,.18229541,,
Chile,,,b2,,,,,,,,,,,-.39505294,.18229541,,
China,,,b2,,,,,,,,,,,-.39505294,.18229541,,
Colombia,,,b2,,,,,,,,,,,-.39505294,.18229541,,
Cuba,,,b2,,,,,,,,,,,-.39505294,.18229541,,
Denmark,,,b2,,,,,,,,,,,-.14078236,.087256424,,
Dutch East Indie,,,b2,,,,,,,,,,,-.39505294,.18229541,,
Ecuador,,,b2,,,,,,,,,,,,,,
Finland,,,b2,,,,,,,,,,,-.39505294,.18229541,,
France,,,b2,,,,,,,,,,,-.14078236,.087256424,,
Germany,,,b2,,,,,,,,,,,-.14078236,.087256424,,
Greece,,,b2,,,,,,,,,,,-.39505294,.18229541,,
India - British Possessions,,,b2,,,,,,,,,,,,,,
Italy,,,b2,,,,,,,,,,,-.14078236,.087256424,,
Japan,,,b2,,,,,,,,,,,-.39505294,.18229541,,
Mexico,,,b2,,,,,,,,,,,-.39505294,.18229541,,
Netherlands,,,b2,,,,,,,,,,,-.14078236,.087256424,,
New Zealand,,,b2,,,,,,,,,,,-.14078236,.087256424,,
Norway,,,b2,,,,,,,,,,,-.39505294,.18229541,,
Peru,,,b2,,,,,,,,,,,,,,
Philippines,,,b2,,,,,,,,,,,,,,
Portugal,,,b2,,,,,,,,,,,-.39505294,.18229541,,
Romania,,,b2,,,,,,,,,,,,,,
Siam,,,b2,,,,,,,,,,,,,,
Spain,,,b2,,,,,,,,,,,-.14078236,.087256424,,
Sweden,,,b2,,,,,,,,,,,-.14078236,.087256424,,
United Kingdom,,,b2,,,,,,,,,,,-.14078236,.087256424,,
United States,,,b2,,,,,,,,,,,-.14078236,.087256424,,
Uruguay,,,b2,,,,,,,,,,,-.14078236,.087256424,,
Venezuela,,,b2,,,,,,,,,,,-.39505294,.18229541,,
Argentina,,,b1,,,,,,,,,,,,,-.1525735,.081967287
Australia,,,b1,,,,,,,,,,,,,-.1525735,.081967287
Austria-Hungary,,,b1,,,,,,,,,,,,,-.1525735,.081967287
Belgium,,,b1,,,,,,,,,,,,,-.1525735,.081967287
Brazil,,,b1,,,,,,,,,,,,,-.40038341,.18018132
Canada,,,b1,,,,,,,,,,,,,-.1525735,.081967287
Cape of Good Hope,,,b1,,,,,,,,,,,,,-.40038341,.18018132
Ceylon,,,b1,,,,,,,,,,,,,-.40038341,.18018132
Chile,,,b1,,,,,,,,,,,,,-.40038341,.18018132
China,,,b1,,,,,,,,,,,,,-.40038341,.18018132
Colombia,,,b1,,,,,,,,,,,,,-.40038341,.18018132
Cuba,,,b1,,,,,,,,,,,,,-.40038341,.18018132
Denmark,,,b1,,,,,,,,,,,,,-.1525735,.081967287
Dutch East Indie,,,b1,,,,,,,,,,,,,-.40038341,.18018132
Ecuador,,,b1,,,,,,,,,,,,,,
Finland,,,b1,,,,,,,,,,,,,-.40038341,.18018132
France,,,b1,,,,,,,,,,,,,-.1525735,.081967287
Germany,,,b1,,,,,,,,,,,,,-.1525735,.081967287
Greece,,,b1,,,,,,,,,,,,,-.40038341,.18018132
India - British Possessions,,,b1,,,,,,,,,,,,,,
Italy,,,b1,,,,,,,,,,,,,-.1525735,.081967287
Japan,,,b1,,,,,,,,,,,,,-.40038341,.18018132
Mexico,,,b1,,,,,,,,,,,,,-.40038341,.18018132
Netherlands,,,b1,,,,,,,,,,,,,-.1525735,.081967287
New Zealand,,,b1,,,,,,,,,,,,,-.1525735,.081967287
Norway,,,b1,,,,,,,,,,,,,-.40038341,.18018132
Peru,,,b1,,,,,,,,,,,,,,
Philippines,,,b1,,,,,,,,,,,,,,
Portugal,,,b1,,,,,,,,,,,,,-.40038341,.18018132
Romania,,,b1,,,,,,,,,,,,,,
Siam,,,b1,,,,,,,,,,,,,,
Spain,,,b1,,,,,,,,,,,,,-.1525735,.081967287
Sweden,,,b1,,,,,,,,,,,,,-.1525735,.081967287
United Kingdom,,,b1,,,,,,,,,,,,,-.1525735,.081967287
United States,,,b1,,,,,,,,,,,,,-.1525735,.081967287
Uruguay,,,b1,,,,,,,,,,,,,-.1525735,.081967287
Venezuela,,,b1,,,,,,,,,,,,,-.40038341,.18018132
